Measure,Anxiety_r,Anxiety_p,ERQ Reappraisal_r,ERQ Reappraisal_p,ERQ Suppression_r,ERQ Suppression_p
Q1 Feather,0.11655017470884284,0.6791296988269014,-0.14501047335684955,0.6061062948472906,0.2839809171235324,0.3050077421723183
Q1 Triangle,0.46860419330973435,0.07808976944343801,-0.03648605679976229,0.8972845659841405,0.3827806228785789,0.15906945385675936
Q2 Feather,-0.25281999850190356,0.3632890876781864,0.3218450965932037,0.24207433071929982,0.0333077218556116,0.9061941033733505
Q2 Triangle,0.4094705691450228,0.12960350854518524,-0.27396222469263104,0.3231147617985543,0.10246712743835235,0.7163184274574287
Q1 Total,0.31077488876261583,0.25956956036816786,-0.10225082214871149,0.7168944994688635,0.37398260646858117,0.1696833589947643
Q2 Total,0.16420532646305458,0.5586925537602634,-0.029165546825958174,0.9178209348641132,0.1743031290161097,0.5344066867100707
Overall Total,0.29164097657866295,0.29157209494994124,0.00189410585841659,0.9946547319273936,0.2874721235105972,0.29884015500096744
