Measure,Anxiety_r,Anxiety_p,ERQ Reappraisal_r,ERQ Reappraisal_p,ERQ Suppression_r,ERQ Suppression_p
Rating Flex Period 1,0.1314704063612307,0.6404675406248072,-0.33095156685469973,0.22824364571118835,0.27494794850697823,0.3213064975545349
Rating Flex Period 2,0.027627009270414574,0.9221435731557828,0.046796192567083304,0.8684664093017416,0.48454045343747426,0.06718353581205126
Rating Flex Total,0.38199754477178927,0.15999579762614724,-0.43313575376685653,0.10679674252272356,0.1216759898056611,0.6657577671731312
Feather Rating Flex Total,0.1477834832602879,0.5991597533408408,-0.34246433583323055,0.21148149848412265,-0.040063847783625955,0.8872689256491293
Triangle Rating Flex Total,0.47886176216154797,0.07093504144126843,-0.35483560493451316,0.19436495267648696,0.24626010578579577,0.376287446222062
Choice Flex (Feather),-0.07725366357529798,0.7843509007028165,0.03109864343821674,0.9123927928045708,0.28273502440200277,0.30722657281866694
Choice Flex (Triangle),-0.16678412568550038,0.5524458443272061,-0.20508016861836764,0.4634274903537304,0.057076457561082025,0.8398839163577386
Choice Flex Total,-0.2033773660827121,0.4672290937119912,-0.1492314573922303,0.595545161793554,0.27457954538763096,0.3219816347620256
Combined Flexibility,0.1325877479563038,0.6376050173496676,-0.43228462527508515,0.10756474345670827,0.29413602322026583,0.28727261519243025
