Test,Mean_Difference,CI_Lower,CI_Upper,p_value,Significant
Paired t-test,-0.15000000000000002,-0.274696966014949,-0.0253030339850511,0.03346742202751874,True
Permutation,-0.15000000000000002,,,0.0,True
Bootstrap,-0.14960833333333334,-0.2833333333333333,-0.033333333333333326,0.0052,True
